N_dw,N_v,N_c,N_iw,N_s,F,IF_rc,IF_vb,IF_ve,IF_vc,PS,IF_p,IF_w,Date,Word,Number of reported results,Number in hard mode,R_h,R_t1,R_t2,R_t3,R_t4,R_t5,R_t6,R_tx,ATN,cluster_2,cluster_3,cluster_4,difficulty_mean_2,L_d,difficulty_freq_4
0.5,0.666666667,0.333333333,0,0.5,0.002566711,1,1,0,0,NN,1,1,2022/1/13,abbey,132726,3345,0.025202296,1,2,13,29,31,20,3,4.65,1,1,2,hard,normal,hard+
0,0.666666667,0.333333333,0,0.5,0.013578455,0,1,0,0,NN,1,0,2022/9/25,admit,28994,2677,0.092329447,0,10,25,34,22,8,1,3.99,2,2,1,easy,normal,normal
0,1,0,0,0.5,0.00073213,0,1,1,0,NN,0,0,2022/12/4,adore,25577,2398,0.093756109,2,17,32,29,15,5,1,3.63,2,2,1,easy,easy,easy
0.5,1,0,0,0.5,0,0,1,1,0,NN,1,1,2022/7/7,agape,43407,3671,0.084571613,0,2,18,36,27,15,3,4.57,1,1,4,hard,normal,hard+
0.5,1,0,0,0.5,0.039969182,0,1,0,1,RB,1,1,2022/3/4,ahead,203730,9396,0.046119865,1,5,20,35,26,12,2,4.33,2,1,4,hard,normal,hard
0,0.666666667,0.333333333,0,0.5,0.002200646,0,1,0,0,NN,1,1,2022/5/24,album,63380,4809,0.075875671,0,5,26,35,24,9,1,4.12,2,2,4,easy,normal,normal
0,1,0,0,1,0.005874065,0,1,0,1,NN,1,0,2022/8/6,alien,38841,3395,0.087407636,3,17,31,29,15,4,0,3.45,2,2,1,easy,easy,easy
0,1,0,0,0.5,0.007321299,0,1,1,0,RB,1,1,2022/9/20,alike,31277,2843,0.090897465,0,6,20,33,27,12,2,4.31,2,1,4,hard,normal,hard
0.5,0.666666667,0.333333333,0,0.5,0.026390727,1,1,0,0,VB,1,0,2022/3/19,allow,156311,8515,0.054474733,0,5,21,32,26,14,3,4.45,1,1,4,hard,normal,hard
0,0.666666667,0.333333333,0,0.5,0.001098195,0,1,0,0,RB,1,0,2022/2/5,aloft,319698,13708,0.042877966,1,4,22,36,25,11,2,4.3,2,1,4,hard,normal,hard
0,1,0,0,0.5,0.004767357,0,1,0,1,NN,1,1,2022/11/3,aloud,29554,2819,0.095384719,1,18,31,30,15,4,1,3.59,2,2,1,easy,easy,easy
0.5,0.666666667,0.333333333,0,0.5,0.002200646,0,1,1,0,NN,1,1,2022/9/13,alpha,29497,2706,0.091738143,0,3,19,40,28,9,1,4.27,2,1,4,easy,normal,hard
0,0.666666667,0.333333333,0,0.5,0.001098195,0,1,0,0,NN,1,1,2022/12/6,amber,23509,2261,0.096175933,0,6,22,33,24,12,3,4.32,2,1,4,hard,normal,hard
0,0.666666667,0.333333333,0,0.5,0.005874065,0,1,1,0,NN,1,0,2022/4/17,ample,106681,7008,0.065691173,0,4,20,35,27,11,2,4.29,2,1,4,hard,normal,hard
0,0.333333333,0.666666667,0,0.5,0.016515488,0,1,0,0,JJ,1,1,2022/7/19,angry,39667,3358,0.084654751,0,5,27,38,21,7,1,4,2,2,1,easy,normal,normal
0.5,1,0,0,1,0.001098195,0,1,1,1,NN,0,1,2022/12/23,aorta,21937,2112,0.096275699,0,7,26,35,20,10,3,4.22,2,1,4,easy,normal,hard
0,0.666666667,0.333333333,0,0.5,0,0,1,0,0,NN,0,1,2022/7/21,aphid,39086,3367,0.086143376,0,6,24,36,23,9,2,4.17,2,1,4,easy,normal,normal
0.5,0.333333333,0.666666667,0,0.5,0.020516662,1,1,0,0,VB,1,1,2022/12/12,apply,22873,2150,0.093997289,0,5,28,38,22,7,1,4.08,2,2,1,easy,normal,normal
0,0.666666667,0.333333333,0,0.5,0.002566711,0,1,0,0,NN,1,1,2022/6/16,apron,53430,4112,0.076960509,0,7,30,38,19,5,1,3.91,2,2,1,easy,normal,easy
0,0.333333333,0.666666667,0,0.5,0.00146426,0,1,0,0,RB,0,1,2022/10/31,aptly,26498,2572,0.097063929,0,3,26,41,23,7,1,4.15,2,1,4,easy,normal,normal
0.5,1,0,0,1,0.001098195,0,1,1,0,NN,1,1,2022/2/15,aroma,287836,10343,0.035933657,1,6,25,33,22,11,2,4.16,2,1,4,easy,normal,normal
0,0.666666667,0.333333333,0,0.5,0.000366491,0,1,0,0,NN,1,1,2022/4/25,askew,91548,6549,0.071536243,0,3,13,29,32,19,4,4.75,1,1,2,hard,normal,hard+
0.5,0.666666667,0.333333333,0,0.5,0.001834581,1,1,0,0,NN,0,1,2022/5/26,asset,63188,4733,0.074903463,0,7,28,34,21,8,1,3.97,2,2,1,easy,normal,easy
0.5,0.666666667,0.333333333,0,0.5,0,1,1,0,0,NN,0,0,2022/5/30,atoll,60969,4741,0.077760829,0,6,28,36,21,8,1,4.03,2,2,1,easy,normal,normal
0,1,0,0,0.5,0.000366491,0,1,1,0,NN,1,1,2022/6/14,atone,59968,4762,0.079409018,2,16,34,29,14,4,1,3.56,2,2,1,easy,easy,easy
0,0.666666667,0.333333333,0,0.5,0.000366491,0,1,0,0,NN,1,0,2022/11/19,avert,24749,2400,0.096973615,0,7,26,35,22,9,1,4.06,2,2,1,easy,normal,normal
0,0.666666667,0.333333333,0,0.5,0.006214591,0,1,0,0,NN,1,1,2022/6/22,awful,47645,3861,0.081036835,0,5,21,33,27,12,2,4.32,2,1,4,hard,normal,hard
0,1,0,1,1,0.000366491,0,1,0,1,NN,1,1,2022/11/21,axiom,24288,2382,0.098073123,0,5,19,33,27,13,3,4.42,2,1,4,hard,normal,hard
0,0.666666667,0.333333333,0,0,0.001834581,0,0,1,0,NN,1,1,2022/5/6,badge,76292,5482,0.071855503,0,4,20,35,26,12,2,4.3,2,1,4,hard,normal,hard
0,0.666666667,0.333333333,0,0.5,0.013195364,0,0,0,0,NN,1,1,2022/11/16,baker,25576,2541,0.099350954,0,5,16,23,24,22,10,5.02,1,3,2,hard,hard,hard+
0,1,0,0,0.5,0.00073213,0,0,1,1,NN,0,0,2022/5/29,bayou,56839,4435,0.078027411,0,6,17,33,29,13,2,4.38,2,1,4,hard,normal,hard
0,0.666666667,0.333333333,0,0.5,0.000366491,0,0,0,1,NN,1,0,2022/6/25,beady,46089,3670,0.079628545,0,3,19,39,29,10,1,4.34,2,1,4,hard,normal,hard
0,0.666666667,0.333333333,0,0.5,0.030774994,0,0,0,0,NN,1,1,2022/11/7,begin,26096,2439,0.0934626,0,6,26,36,23,7,1,4.01,2,2,1,easy,normal,normal
0,0.666666667,0.333333333,0,0.5,0.260997059,0,0,0,1,VBG,1,1,2022/5/17,being,70722,5142,0.07270722,0,4,22,37,26,10,1,4.22,2,1,4,easy,normal,hard
0,0.333333333,0.666666667,0,0,0.00146426,0,0,0,0,NN,1,0,2022/7/10,berth,41785,3494,0.083618523,0,7,24,35,24,9,1,4.1,2,2,1,easy,normal,normal
0,0.333333333,0.666666667,0,0,0.074413338,0,0,0,0,JJ,1,0,2022/4/10,black,126241,7894,0.06253119,1,10,31,34,18,6,1,3.86,2,2,1,easy,normal,easy
0,0.333333333,0.666666667,0,0,0.001098195,0,0,0,0,NN,1,1,2022/7/13,bland,46246,3727,0.080590754,0,7,31,38,18,4,0,3.73,2,2,1,easy,easy,easy
0,0.666666667,0.333333333,0,0,0.000366491,0,0,1,0,NN,0,1,2022/2/24,bloke,250674,10405,0.041508094,1,6,21,32,25,12,2,4.21,2,1,4,easy,normal,hard
0,0.333333333,0.666666667,0,0,0.003298841,0,0,0,0,NN,1,1,2022/6/17,blown,54665,4251,0.077764566,0,6,23,35,26,10,1,4.21,2,1,4,easy,normal,hard
0.5,0.333333333,0.666666667,0,0,0.002932776,1,0,0,0,NN,1,0,2022/7/30,bluff,37353,3171,0.08489278,0,2,14,42,31,10,1,4.39,2,1,4,hard,normal,hard
0.5,1,0,1,0,0.00146426,1,0,1,1,NN,1,1,2022/9/12,booze,29147,2883,0.09891241,0,1,7,27,38,23,4,4.99,1,3,2,hard,hard,hard+
0,0.666666667,0.333333333,0,0,0.00073213,0,0,0,1,NN,0,1,2022/10/4,bough,32014,3060,0.095583182,0,3,17,35,28,13,3,4.45,1,1,4,hard,normal,hard
0,0.666666667,0.333333333,0,0,0,0,0,0,1,NN,1,1,2022/12/9,braid,23640,2165,0.091582064,0,10,36,35,14,3,0,3.56,2,2,1,easy,easy,easy
0,0.666666667,0.333333333,0,0,0.008811098,0,0,1,0,NN,1,0,2022/11/20,brave,24991,2396,0.095874515,1,6,17,27,27,18,5,4.65,1,1,2,hard,normal,hard+
0,0.666666667,0.333333333,0,0,0,0,0,1,0,NN,1,0,2022/3/5,brine,229895,10405,0.045259793,1,9,25,29,22,12,3,4.22,2,1,4,easy,normal,hard
0,0.333333333,0.666666667,0,0,0.001098195,0,0,0,0,NN,1,1,2022/6/23,brink,53111,4118,0.077535727,0,4,22,41,24,7,1,4.1,2,2,1,easy,normal,normal
0,0.333333333,0.666666667,0,0,0.002566711,0,0,0,0,NN,1,1,2022/9/26,brisk,31706,2884,0.090960701,0,5,23,38,24,7,1,4.03,2,2,1,easy,normal,normal
0.5,0.333333333,0.666666667,0,0.5,0.002200646,1,0,0,0,NN,1,1,2022/8/5,buggy,37350,3428,0.091780455,0,1,9,29,34,22,5,4.97,1,3,2,hard,hard,hard+
0.5,1,0,0,1,0.000366491,0,0,1,1,NN,0,0,2022/6/18,cacao,47205,4101,0.08687639,0,1,9,27,36,23,4,4.95,1,3,2,hard,hard,hard+
0.5,0.333333333,0.666666667,0,0.5,0.00073213,1,0,0,0,NN,0,0,2022/5/8,canny,72518,5256,0.072478557,0,2,10,30,34,20,4,4.84,1,3,2,hard,hard,hard+
0,0.666666667,0.333333333,0,0.5,0.002566711,0,0,1,0,NN,0,1,2022/4/20,cargo,102007,6796,0.066622879,0,5,20,34,27,12,2,4.33,2,1,4,hard,normal,hard
0.5,0.333333333,0.666666667,0,0.5,0.032264793,1,0,0,0,NN,1,1,2022/10/27,carry,27609,2615,0.094715491,0,4,22,35,24,12,3,4.36,2,1,4,hard,normal,hard
0.5,0.333333333,0.666666667,0,0,0.015749305,0,0,0,0,NN,1,0,2022/10/15,catch,30403,3123,0.102720126,0,7,18,20,15,16,23,5.49,1,3,3,hard,hard,hard+
0,0.666666667,0.333333333,0,0.5,0.00146426,0,0,0,0,NN,1,1,2022/3/16,cater,217856,11234,0.051566172,1,7,19,22,19,18,15,5.13,1,3,2,hard,hard,hard+
0,0.666666667,0.333333333,0,0,0,0,0,0,1,NN,1,1,2022/2/16,caulk,289721,10740,0.037070147,1,4,20,31,26,15,3,4.43,1,1,4,hard,normal,hard
0,0.666666667,0.333333333,0,0,0.000366491,0,0,1,0,NN,1,1,2022/12/2,chafe,24646,2343,0.095066136,0,6,30,33,19,9,2,4.03,2,2,1,easy,normal,normal
0,0.333333333,0.666666667,0,0,0.00073213,0,0,0,0,NN,1,0,2022/2/27,chant,250413,10438,0.041683139,1,9,33,33,16,7,1,3.82,2,2,1,easy,normal,easy
0,0.333333333,0.666666667,0,0,0.009534714,0,0,0,0,NN,1,1,2022/9/2,charm,35724,3149,0.088148024,1,12,32,34,16,5,1,3.77,2,2,1,easy,easy,easy
0.5,0.666666667,0.333333333,0,0,0.007321299,1,0,0,1,NN,1,0,2022/4/16,cheek,107987,7035,0.065146731,0,3,19,40,28,9,1,4.27,2,1,4,easy,normal,hard
0,0.333333333,0.666666667,0,0,0.019409954,0,0,0,0,NN,1,1,2022/3/24,chest,169066,9318,0.055114571,1,14,35,31,14,5,1,3.68,2,2,1,easy,easy,easy
0,0.666666667,0.333333333,0,0,0.043621744,0,0,0,1,NN,1,1,2022/8/29,chief,34281,3072,0.089612322,1,6,32,38,18,5,0,3.81,2,2,1,easy,normal,easy
0,0.666666667,0.333333333,0,0,0.003298841,0,0,1,0,NN,1,1,2022/2/28,choke,251094,10521,0.041900643,1,8,30,36,18,6,1,3.87,2,2,1,easy,normal,easy
0,0.333333333,0.666666667,0,0,0.002566711,0,0,0,0,NN,1,0,2022/12/17,chord,22336,2088,0.093481375,0,7,39,38,13,3,0,3.66,2,2,1,easy,easy,easy
0,0.333333333,0.666666667,0,0,0.00073213,0,0,0,0,NN,1,1,2022/4/13,chunk,123255,7835,0.063567401,1,4,29,42,18,5,1,3.94,2,2,1,easy,normal,easy
0,0.666666667,0.333333333,0,0,0.00073213,0,0,1,0,NN,1,0,2022/9/17,chute,33418,3073,0.091956431,0,11,37,36,12,3,0,3.55,2,2,1,easy,easy,easy
0.5,0.333333333,0.666666667,0,0,0.001098195,0,0,0,0,NN,1,1,2022/7/26,cinch,39171,3507,0.08953052,0,2,15,24,22,25,13,5.35,1,3,2,hard,hard,hard+
0.5,0.333333333,0.666666667,0,0,0.075879726,1,0,0,0,NN,1,1,2022/9/8,class,31962,3001,0.093892748,0,4,21,32,22,13,7,4.57,1,1,4,hard,normal,hard+
0,0.333333333,0.666666667,0,0,0.002200646,0,0,0,0,VBG,1,1,2022/8/10,cling,37654,3312,0.087958783,0,4,20,34,27,13,2,4.37,2,1,4,hard,normal,hard
0,0.333333333,0.666666667,0,0,0.015749305,0,0,0,0,NN,0,0,2022/3/6,cloth,218595,9911,0.045339555,1,8,33,34,17,7,1,3.89,2,2,1,easy,normal,easy
0,0.333333333,0.666666667,0,0,0.001098195,0,0,0,0,NN,1,1,2022/8/25,clown,36737,3175,0.08642513,1,8,29,36,20,6,1,3.94,2,2,1,easy,normal,easy
0.5,0.666666667,0.333333333,0,0.5,0.00073213,1,0,1,0,NN,1,1,2022/4/6,comma,117856,7560,0.064146077,0,2,13,33,33,17,3,4.72,1,1,2,hard,normal,hard+
0.5,0.666666667,0.333333333,0,0.5,0,0,0,1,0,NN,0,1,2022/12/27,condo,20879,2012,0.096364768,0,2,17,35,29,14,3,4.54,1,1,4,hard,normal,hard+
0,0.666666667,0.333333333,0,0,0.586876998,0,0,0,1,MD,0,0,2022/1/29,could,313220,11592,0.037009131,1,7,29,35,20,8,1,4,2,2,1,easy,normal,normal
0.5,0.333333333,0.666666667,0,0.5,0.000366491,0,0,0,0,NN,0,1,2022/8/2,coyly,34909,3380,0.096823169,0,0,4,17,28,35,15,5.8,1,3,3,hard,hard,hard+
0,0.333333333,0.666666667,0,0,0.00073213,0,0,0,0,NN,1,0,2022/7/31,cramp,39250,3369,0.085834395,1,8,26,33,19,10,2,4.02,2,2,1,easy,normal,normal
0,0.333333333,0.666666667,0,0,0.000366491,0,0,0,0,NN,1,0,2022/1/8,crank,101503,1763,0.017368945,1,5,23,31,24,14,2,4.28,2,1,4,hard,normal,hard
0,0.666666667,0.333333333,0,0,0.000366491,0,0,0,1,NN,1,1,2022/6/1,creak,63241,4797,0.075852691,0,5,21,32,25,14,3,4.4,2,1,4,hard,normal,hard
0,0.333333333,0.666666667,0,0,0.004030971,0,0,0,0,NN,1,0,2022/5/28,crept,60069,4562,0.075945995,0,4,27,38,22,7,1,4.03,2,2,1,easy,normal,normal
0,0.333333333,0.666666667,0,0,0,0,0,0,0,NN,1,0,2022/1/23,crimp,269929,7630,0.028266692,1,5,28,38,20,7,1,3.99,2,2,1,easy,normal,normal
0.5,0.333333333,0.666666667,0,0.5,0,0,0,0,0,NN,1,1,2022/2/14,cynic,261521,10343,0.039549405,1,6,25,33,22,11,2,4.16,2,1,4,easy,normal,normal
0.5,0.333333333,0.666666667,0,0.5,0.006214591,0,0,0,0,NN,1,1,2022/10/7,dandy,29026,2840,0.097843313,0,2,11,23,29,24,11,5.28,1,3,2,hard,hard,hard+
0.5,0.666666667,0.333333333,0,0,0,0,0,1,0,NN,0,1,2022/5/16,delve,68349,5179,0.075772872,0,2,14,32,33,16,2,4.55,1,1,4,hard,normal,hard+
0,0.666666667,0.333333333,0,0.5,0,0,0,0,0,NN,1,1,2022/10/20,denim,28741,2769,0.096343203,0,5,29,40,20,5,0,3.87,2,2,1,easy,normal,easy
0,0.666666667,0.333333333,0,0.5,0.004767357,0,0,0,0,NN,1,1,2022/3/25,depot,150197,8562,0.057005133,0,5,29,36,20,7,1,3.93,2,2,1,easy,normal,easy
0,0.333333333,0.666666667,0,0,0.019409954,0,0,0,0,NN,1,0,2022/6/5,depth,56738,4329,0.076298072,0,6,28,39,20,6,1,3.98,2,2,1,easy,normal,normal
0.5,0.666666667,0.333333333,0,0,0.004030971,0,0,1,0,NN,1,1,2022/2/18,dodge,265238,10220,0.038531432,1,3,15,29,27,19,7,4.87,1,3,2,hard,hard,hard+
0.5,0.666666667,0.333333333,0,0.5,0.001834581,0,0,0,0,NN,1,1,2022/6/13,donor,53802,4142,0.076985986,0,3,27,38,23,7,1,4.06,2,2,1,easy,normal,normal
0,0.666666667,0.333333333,0,0,0.041799507,0,0,0,1,NN,1,1,2022/9/15,doubt,33344,3011,0.090301104,1,12,32,34,16,4,0,3.61,2,2,1,easy,easy,easy
0,0.666666667,0.333333333,0,0,0.023453695,0,0,0,1,NN,1,0,2022/11/5,dream,29743,2751,0.092492351,5,14,31,29,15,4,1,3.51,2,2,1,easy,easy,easy
0,0.333333333,0.666666667,0,0,0.030051377,0,0,0,0,NN,1,1,2022/1/11,drink,153880,3017,0.019606187,1,9,35,34,16,5,1,3.8,2,2,1,easy,normal,easy
0,0.666666667,0.333333333,0,0,0.038479383,0,0,1,0,NN,1,1,2022/11/23,drive,26663,2451,0.09192514,1,12,32,30,18,6,1,3.77,2,2,1,easy,easy,easy
0.5,0.333333333,0.666666667,0,0,0,1,0,0,0,NN,0,1,2022/6/28,droll,47312,3844,0.081247886,0,2,16,31,31,17,3,4.63,1,1,4,hard,normal,hard+
0.5,0.666666667,0.333333333,0,0.5,0,0,1,0,0,NN,0,0,2022/7/2,egret,41765,3515,0.084161379,0,3,14,33,33,15,2,4.55,1,1,4,hard,normal,hard+
0.5,0.666666667,0.333333333,0,0.5,0.000366491,0,1,0,0,NN,1,1,2022/12/1,eject,22628,2200,0.097224677,0,2,11,35,36,14,2,4.61,1,1,4,hard,normal,hard+
0.5,0.666666667,0.333333333,0,0.5,0.005490974,0,1,0,0,NN,1,1,2022/2/7,elder,288228,13340,0.046282804,1,3,13,24,30,24,5,4.86,1,3,2,hard,hard,hard+
0.5,1,0,0,0.5,0,0,1,1,0,NN,0,1,2022/7/25,elope,39228,3339,0.085117773,0,4,22,32,26,13,2,4.3,2,1,4,hard,normal,hard
0,0.666666667,0.333333333,0,0.5,0.016132396,0,1,0,0,NN,1,1,2022/10/10,enjoy,26878,2654,0.098742466,0,3,12,29,33,20,3,4.73,1,1,2,hard,normal,hard+
0,0.666666667,0.333333333,1,1,0.00073213,0,1,0,0,NN,1,0,2022/3/26,epoxy,149507,9376,0.062712783,0,2,13,31,33,18,3,4.7,1,1,2,hard,normal,hard+
0,1,0,1,0.5,0.032988409,0,1,0,1,JJ,1,1,2022/10/13,equal,27197,2677,0.098429974,0,5,23,35,25,11,2,4.3,2,1,4,hard,normal,hard
0.5,0.666666667,0.333333333,1,0.5,0.000366491,0,1,0,0,NN,0,1,2022/12/22,excel,20490,2034,0.099267936,0,1,13,34,34,15,2,4.57,1,1,4,hard,normal,hard+
0,0.666666667,0.333333333,1,0.5,0.02162337,0,1,0,0,NN,1,1,2022/10/18,exist,28612,2805,0.098035789,0,5,24,38,23,8,1,4.07,2,2,1,easy,normal,normal
0,0.666666667,0.333333333,1,0.5,0.018345812,0,1,1,0,JJ,1,0,2022/12/25,extra,15554,1562,0.100424328,1,5,20,35,28,10,1,4.21,2,1,4,easy,normal,hard
0,0.666666667,0.333333333,0,0,0.001098195,0,0,1,0,NN,1,1,2022/5/11,farce,79446,5688,0.071595801,0,9,26,32,21,9,1,3.93,2,2,1,easy,normal,easy
0,0.666666667,0.333333333,0,0,0.008044915,0,0,0,1,NN,1,1,2022/10/24,fault,28947,2768,0.095623035,0,7,27,35,22,8,1,4.03,2,2,1,easy,normal,normal
0,0.666666667,0.666666667,0,0.5,0,0,0,0,0,NN,0,1,2022/1/12,favor ,137586,3073,0.022335121,1,4,15,26,29,21,4,4.69,1,1,2,hard,normal,hard+
0,0.666666667,0.333333333,0,0,0.001098195,0,0,0,1,NN,1,0,2022/11/24,feast,27705,2725,0.098357697,5,13,25,27,19,10,2,3.89,2,2,1,easy,normal,easy
0.5,0.666666667,0.333333333,0,0.5,0.012088656,0,0,0,0,JJR,1,0,2022/4/3,fewer,124532,7931,0.063686442,0,2,10,24,32,26,6,5.06,1,3,2,hard,hard,hard+
0,0.666666667,0.333333333,0,0,0.100439704,0,0,0,1,NN,1,1,2022/7/5,field,44578,3604,0.080847055,1,6,25,36,23,9,1,4.11,2,2,4,easy,normal,normal
0,0.666666667,0.333333333,0,0,0.002932776,0,0,0,1,NN,1,1,2022/4/18,flair,112383,7341,0.065321267,1,8,30,36,18,6,1,3.87,2,2,1,easy,normal,easy
0,0.666666667,0.333333333,0,0,0.001098195,0,0,0,1,NN,1,0,2022/6/12,float,56684,4323,0.076264907,1,12,30,32,18,6,1,3.79,2,2,1,easy,normal,easy
0,0.333333333,0.666666667,0,0,0.003664906,0,0,0,0,NN,1,1,2022/7/18,flock,42574,3548,0.083337248,0,4,22,37,27,9,1,4.21,2,1,4,easy,normal,hard
0.5,0.666666667,0.333333333,0,0,0.006980773,1,0,0,1,NN,1,1,2022/6/7,flood,58991,4440,0.075265718,0,3,20,40,28,8,1,4.24,2,1,4,easy,normal,hard
0.5,0.666666667,0.333333333,0,0,0.057917857,1,0,0,1,NN,1,1,2022/10/14,floor,28906,2752,0.095205148,0,3,23,44,24,6,0,4.07,2,2,1,easy,normal,normal
0,0.666666667,0.333333333,0,0,0,0,0,0,1,NN,1,1,2022/10/26,flout,30063,2904,0.096597146,0,6,28,37,21,7,1,4.01,2,2,1,easy,normal,normal
1,0.333333333,0.666666667,0,0,0.000366491,1,0,0,0,NN,1,1,2022/7/6,fluff,47344,4049,0.085522981,0,0,4,25,44,23,4,5.1,1,3,2,hard,hard,hard+
0,0.666666667,0.333333333,0,0.5,0.014642597,0,0,0,0,NN,1,0,2022/3/13,focus,179436,8937,0.049806059,1,4,23,36,24,10,1,4.12,2,2,4,easy,normal,normal
0.5,0.333333333,0.666666667,0,0.5,0.001834581,1,0,0,0,NN,1,1,2022/10/25,foggy,28953,2817,0.097295617,0,2,13,35,32,15,3,4.63,1,1,4,hard,normal,hard+
0,0.666666667,0.333333333,0,0.5,0.000366491,0,0,0,0,NN,1,1,2022/4/7,foray,117761,7575,0.064325201,0,2,14,31,31,19,4,4.79,1,3,2,hard,hard,hard+
0.5,0.666666667,0.333333333,0,0.5,0.000366491,0,0,1,0,NN,1,0,2022/5/1,forgo,77658,5699,0.073385871,0,1,9,26,37,23,3,4.86,1,3,2,hard,hard,hard+
0,0.666666667,0.333333333,0,0,0.196481094,0,0,0,1,NN,1,1,2022/3/28,found,173696,10613,0.061101004,1,6,17,22,20,21,14,5.18,1,3,2,hard,hard,hard+
0,0.666666667,0.333333333,0,0.5,0.001098195,0,0,0,0,NN,0,1,2022/4/19,foyer,108899,8198,0.075280765,0,2,10,19,19,23,26,6.03,1,3,3,hard,hard,hard+
0,0.666666667,0.333333333,0,0,0.027114344,0,0,1,0,NN,1,1,2022/2/8,frame,336236,15369,0.045708966,1,10,20,24,24,17,3,4.29,2,1,4,hard,normal,hard
0,0.333333333,0.666666667,0,0,0.000366491,0,0,0,0,NN,1,0,2022/6/4,froth,58263,4432,0.07606886,0,5,22,35,25,11,1,4.17,2,1,4,easy,normal,normal
0,0.666666667,0.333333333,0,0.5,0,0,0,1,0,NNS,1,1,2022/9/1,fungi,31903,2928,0.091778203,0,2,18,41,28,9,1,4.26,2,1,4,easy,normal,hard
0,0.666666667,0.333333333,0,0.5,0,0,0,0,0,NN,1,1,2022/5/20,gamer,69884,5238,0.074952779,1,4,17,28,26,18,6,4.7,1,1,2,hard,normal,hard+
0,1,0,1,0,0.000366491,0,0,1,1,NN,1,0,2022/8/28,gauze,30214,2866,0.094856689,0,2,11,24,31,25,8,5.18,1,3,2,hard,hard,hard+
0,0.333333333,0.666666667,0,0.5,0.000366491,0,0,0,0,NN,0,1,2022/6/29,gawky,45645,3957,0.086690766,0,1,5,22,33,28,10,5.38,1,3,2,hard,hard,hard+
0,0.666666667,0.333333333,0,0.5,0,0,0,1,0,NN,0,1,2022/5/10,gecko,74412,5489,0.073764984,0,2,16,38,29,12,2,4.41,2,1,4,hard,normal,hard
0,0.333333333,0.666666667,0,0,0.000366491,0,0,0,0,NN,1,1,2022/6/9,girth,60020,4665,0.077724092,0,6,23,33,23,12,3,4.3,2,1,4,hard,normal,hard
0.5,0.333333333,0.666666667,0,0,0.036308533,1,0,0,0,NN,1,1,2022/5/19,glass,70920,5162,0.072786238,0,4,19,33,27,14,3,4.46,1,1,4,hard,normal,hard
0,0.666666667,0.333333333,0,0,0.000366491,0,0,0,1,NN,0,1,2022/8/11,glean,37301,3243,0.086941369,0,6,23,37,24,8,1,4.07,2,2,1,easy,normal,normal
0,0.666666667,0.333333333,0,0,0,0,0,0,1,NN,1,1,2022/6/21,gloat,53342,4194,0.078624723,0,8,21,31,26,12,2,4.25,2,1,4,easy,normal,hard
0.5,0.666666667,0.333333333,0,0,0.005150448,1,0,0,1,NN,1,1,2022/6/6,gloom,58478,4548,0.077772838,0,2,14,35,35,13,1,4.49,1,1,4,hard,normal,hard
0,0.333333333,0.666666667,0,0.5,0.00770439,0,0,0,0,NN,1,1,2022/9/23,glory,31509,2893,0.091815037,0,6,30,39,19,5,0,3.83,2,2,1,easy,normal,easy
0,0,1,0,0,0,0,0,0,0,NN,0,1,2022/11/18,glyph,29208,2899,0.099253629,0,2,23,49,20,5,1,4.09,2,2,1,easy,normal,normal
0.5,1,0,0,0,0.00146426,1,0,1,1,NN,1,0,2022/6/11,goose,51958,4087,0.078659687,0,2,12,28,32,21,5,4.88,1,3,2,hard,hard,hard+
0.5,0.666666667,0.333333333,0,0,0.000366491,0,0,1,0,NN,1,0,2022/1/9,gorge,91477,1913,0.02091236,1,3,13,27,30,22,4,4.76,1,1,2,hard,normal,hard+
0,0.666666667,0.333333333,0,0,0.001098195,0,0,1,0,NN,1,0,2022/9/24,grate,32777,3077,0.093876804,1,14,29,28,16,8,3,3.86,2,2,1,easy,normal,easy
0,0.666666667,0.333333333,0,0,0.005150448,0,0,1,0,NN,1,1,2022/10/21,grove,28637,2794,0.097566086,0,4,18,30,28,17,3,4.54,1,1,4,hard,normal,hard+
0,0.666666667,0.333333333,0,0.5,0,0,0,0,1,NN,0,1,2022/8/16,gruel,35105,3087,0.087936191,0,3,19,39,29,9,1,4.28,2,1,4,hard,normal,hard
0.5,0.333333333,0.666666667,0,0.5,0.001834581,1,0,0,0,RB,0,0,2022/9/3,gully,31191,2877,0.092238146,0,1,9,27,31,25,7,5.12,1,3,2,hard,hard,hard+
0,0.666666667,0.333333333,0,0.5,0.001834581,0,0,0,1,NN,1,1,2022/5/3,hairy,85817,5941,0.069228708,1,8,24,33,23,10,1,4.06,2,2,1,easy,normal,normal
0.5,0.333333333,0.666666667,0,0.5,0.035925442,1,0,0,0,JJ,1,0,2022/11/27,happy,25206,2356,0.093469809,0,6,28,39,19,6,1,3.93,2,2,1,easy,normal,easy
0,0.666666667,0.333333333,0,0.5,0.001098195,0,0,0,0,NN,0,1,2022/12/29,havoc,20001,1919,0.095945203,0,2,16,38,30,12,2,4.46,1,1,4,hard,normal,hard
0,0.666666667,0.333333333,0,0,0,0,0,0,1,NN,1,1,2022/4/26,heist,103153,6830,0.066212325,1,13,32,31,16,6,1,3.73,2,2,1,easy,easy,easy
0,0.666666667,0.333333333,0,0,0.000366491,0,0,1,0,NN,1,1,2022/5/23,hinge,66431,4906,0.073851064,0,5,25,37,22,9,2,4.17,2,1,4,easy,normal,normal
0,0.666666667,0.333333333,0,0,0,0,0,0,1,NN,1,1,2022/3/7,hoard,218595,9823,0.044936984,1,9,30,34,19,7,1,3.92,2,2,1,easy,normal,easy
0,0.666666667,0.333333333,0,0.5,0.005874065,0,0,0,0,NN,1,1,2022/5/5,homer,85979,6313,0.073424906,0,3,16,26,24,19,12,5.12,1,3,2,hard,hard,hard+
0,0.333333333,0.666666667,0,0.5,0.000366491,0,0,0,0,NN,0,0,2022/10/9,howdy,28408,2668,0.093917206,0,2,13,32,32,17,4,4.73,1,1,2,hard,normal,hard+
0,0.666666667,0.333333333,0,0.5,0.017239104,0,0,0,0,NN,1,1,2022/2/9,humor,305372,13846,0.04534142,1,5,22,34,25,11,2,4.24,2,1,4,easy,normal,hard
0,0.333333333,0.666666667,0,0.5,0,0,0,0,0,NN,0,0,2022/8/13,hunky,35276,3185,0.090288015,0,1,11,33,25,22,7,4.94,1,3,2,hard,hard,hard+
0.5,0.333333333,0.666666667,0,0,0,0,0,0,0,NN,1,1,2022/6/30,hutch,44212,3758,0.084999548,0,1,12,28,28,21,9,5.06,1,3,2,hard,hard,hard+
0,0.666666667,0.333333333,0,0.5,0,0,1,0,0,NN,1,1,2022/12/28,impel,20160,1937,0.096081349,0,3,21,40,25,9,1,4.18,2,1,4,easy,normal,normal
0.5,1,0,0,0.5,0.000366491,0,1,1,0,NN,0,0,2022/11/13,inane,25085,2515,0.100259119,0,8,25,30,21,13,3,4.24,2,1,4,easy,normal,hard
0,0.666666667,0.333333333,0,0.5,0.00073213,0,1,0,0,NN,1,1,2022/11/2,inept,27670,2640,0.095410192,0,6,30,39,20,6,1,4.04,2,2,1,easy,normal,normal
0,0.666666667,0.333333333,0,0.5,0.001834581,0,1,0,0,NN,1,0,2022/4/24,inert,97452,6743,0.069193039,0,7,27,34,22,9,1,4.05,2,2,1,easy,normal,normal
0,0.666666667,0.333333333,0,0.5,0.000366491,0,1,0,0,NN,1,1,2022/12/8,infer,21199,1863,0.087881504,0,3,19,33,26,14,3,4.39,2,1,4,hard,normal,hard
0,0.666666667,0.333333333,0,0.5,0.007321299,0,1,0,0,NN,1,0,2022/6/20,input,50484,3950,0.078242612,0,5,30,38,21,6,1,4.03,2,2,1,easy,normal,normal
0,0.666666667,0.333333333,0,0.5,0.00073213,0,1,0,0,NN,0,0,2022/9/4,inter,32018,2889,0.090230495,0,6,25,36,23,8,1,4.04,2,2,1,easy,normal,normal
0.5,1,0,0,1,0.002932776,0,1,0,1,NN,1,1,2022/10/12,ionic,29151,2947,0.101094302,0,2,13,25,28,21,11,5.19,1,3,2,hard,hard,hard+
0,0.666666667,0.333333333,0,1,0.004384266,0,1,0,0,NN,1,1,2022/8/26,irony,34716,3046,0.087740523,0,6,29,34,21,8,1,3.98,2,2,1,easy,normal,normal
0,0.333333333,0.666666667,0,0.5,0,0,1,0,0,NN,1,1,2022/11/25,itchy,24197,2329,0.096251601,0,8,28,40,18,5,1,3.9,2,2,1,easy,normal,easy
0,0.666666667,0.333333333,0,0,0.000366491,0,0,0,1,NN,1,1,2022/12/7,joust,24899,2388,0.095907466,0,6,29,34,21,8,2,4.08,2,2,1,easy,normal,normal
0,0.666666667,0.333333333,0,0,0.028221052,0,0,1,0,NN,1,0,2022/12/26,judge,20011,2043,0.102093848,0,2,8,16,26,33,14,5.6,1,3,3,hard,hard,hard+
0.5,0.666666667,0.333333333,0,0.5,0.000366491,0,0,1,0,NN,1,0,2022/8/14,khaki,31652,2968,0.093769746,0,2,17,33,28,16,4,4.63,1,1,4,hard,normal,hard+
0.5,0.333333333,0.666666667,0,0,0.005490974,0,0,0,0,NN,1,0,2022/12/10,knock,21157,2041,0.096469254,0,3,18,43,27,8,1,4.25,2,1,4,easy,normal,hard
0.5,0.333333333,0.666666667,0,0,0.00073213,1,0,0,0,NN,0,1,2022/1/24,knoll,258038,8317,0.032231687,1,1,11,29,33,21,4,4.83,1,3,2,hard,hard,hard+
0.5,0.666666667,0.333333333,0,0.5,0.006980773,0,0,0,0,NN,1,1,2022/8/12,label,34198,3076,0.089946781,0,4,18,32,29,15,2,4.45,1,1,4,hard,normal,hard
0,0.666666667,0.333333333,0,0,0.002200646,0,0,1,0,NN,1,1,2022/3/10,lapse,208884,9960,0.047681967,0,8,31,34,19,7,1,3.92,2,2,1,easy,normal,easy
0.5,0.666666667,0.333333333,0,0.5,0,0,0,1,0,NN,0,0,2022/4/30,larva,77991,5749,0.073713634,0,2,10,25,35,23,4,4.87,1,3,2,hard,hard,hard+
0.5,1,0,0,0,0.075146745,0,0,1,1,VB,1,0,2022/10/1,leave,28202,2696,0.095596057,0,4,16,34,31,12,1,4.29,2,1,4,hard,normal,hard
0.5,0.666666667,0.333333333,0,0.5,0,1,0,0,1,NN,0,1,2022/9/7,leery,30992,2873,0.092701342,0,3,17,37,28,12,2,4.37,2,1,4,hard,normal,hard
0.5,0.666666667,0.333333333,0,0.5,0.00073213,0,0,0,0,NN,1,0,2022/10/29,libel,25156,2536,0.10081094,0,3,15,32,32,16,2,4.55,1,1,4,hard,normal,hard+
0,0.333333333,0.666666667,0,0,0.12206733,0,0,0,0,NN,1,1,2022/1/31,light,341314,13347,0.039104754,1,10,25,27,19,12,5,4.21,2,1,4,easy,normal,hard
0.5,0.666666667,0.333333333,0,0.5,0.00146426,0,0,0,0,NN,1,0,2022/7/3,lilac,40486,3461,0.085486341,0,2,17,38,29,12,1,4.34,2,1,4,hard,normal,hard
0,0.666666667,0.333333333,0,0.5,0.005874065,0,0,0,0,NN,1,1,2022/7/14,liver,40549,3388,0.083553232,0,4,16,26,25,20,8,4.85,1,3,2,hard,hard,hard+
0,0.333333333,0.666666667,0,0.5,0.001834581,0,0,0,0,NN,1,0,2022/9/10,lofty,29237,2777,0.094982385,0,4,19,34,27,13,3,4.44,1,1,4,hard,normal,hard
0,0.666666667,0.333333333,0,0.5,0.000366491,0,0,0,0,NN,1,0,2022/6/19,loser,55359,4399,0.079463141,1,10,28,32,19,8,2,3.96,2,2,1,easy,normal,easy
0.5,0.333333333,0.666666667,0,0.5,0.000366491,0,0,0,0,RB,1,1,2022/3/31,lowly,135219,8469,0.062631731,0,2,9,26,32,24,8,5.19,1,3,2,hard,hard,hard+
0,0.666666667,0.333333333,0,0.5,0.003664906,0,0,0,0,NN,0,1,2022/12/21,lunar,22180,2036,0.091794409,0,5,32,40,17,4,0,3.75,2,2,1,easy,easy,easy
0.5,0.666666667,0.333333333,0,0.5,0.00073213,0,0,0,0,NN,1,1,2022/7/11,madam,40545,3430,0.084597361,0,3,13,35,34,14,2,4.59,1,1,4,hard,normal,hard+
0,0.333333333,0.666666667,0,0.5,0.00073213,0,0,0,0,RB,1,0,2022/12/31,manly,20380,1899,0.093179588,0,2,17,37,29,12,2,4.4,2,1,4,hard,normal,hard
0,0.666666667,0.333333333,0,0.5,0.001834581,0,0,0,0,NN,1,1,2022/5/31,manor,62768,4802,0.076503951,0,6,27,34,21,10,2,4.14,2,2,4,easy,normal,normal
0,0.666666667,0.333333333,0,0.5,0.002566711,0,0,1,0,NN,1,1,2022/11/14,maple,26536,2467,0.092968043,1,6,26,36,21,8,1,3.98,2,2,1,easy,normal,normal
0,0.333333333,0.666666667,1,0,0,0,0,0,0,NN,0,1,2022/10/5,marxh,30935,2885,0.093260061,0,9,30,35,19,6,1,3.89,2,2,1,easy,normal,easy
0,0.666666667,0.333333333,0,0.5,0.002566711,0,0,0,0,NN,0,1,2022/11/11,medal,25993,2438,0.093794483,0,5,25,38,23,8,1,4.1,2,2,1,easy,normal,normal
0,0.666666667,0.333333333,0,0.5,0.010641422,0,0,0,0,NN,1,1,2022/8/22,merit,35888,3123,0.087020731,0,7,33,37,17,5,0,3.76,2,2,1,easy,easy,easy
0,0.666666667,0.333333333,0,0.5,0.022346987,0,0,0,0,NN,1,0,2022/5/14,metal,73225,5290,0.072243086,1,10,31,34,18,7,1,3.92,2,2,1,easy,normal,easy
0,0.666666667,0.333333333,0,0,0.00146426,0,0,1,0,NN,0,0,2022/7/23,midge,36769,3111,0.084609318,0,2,18,39,28,10,2,4.34,2,1,4,hard,normal,hard
0,0.333333333,0.666666667,0,0,0.006980773,0,0,0,0,NN,0,0,2022/5/7,midst,74458,5233,0.070281232,0,3,25,39,24,9,1,4.21,2,1,4,easy,normal,hard
0,0.666666667,0.333333333,0,0,0.000366491,0,0,1,0,NN,1,1,2022/4/14,mince,113448,7356,0.064840279,0,6,24,35,24,10,1,4.14,2,2,4,easy,normal,normal
0,0.666666667,0.333333333,0,0,0.004030971,0,0,0,1,NN,0,1,2022/2/2,moist,361908,14205,0.039250307,3,13,32,29,16,7,1,3.73,2,2,1,easy,easy,easy
0,0.666666667,0.333333333,0,0.5,0.000366491,0,0,0,0,NN,1,1,2022/12/30,molar,21204,1973,0.093048481,0,4,21,38,26,9,1,4.17,2,1,4,easy,normal,normal
0,0.666666667,0.333333333,0,0.5,0.097140863,0,0,0,0,NN,1,0,2022/5/22,money,67909,4928,0.072567701,1,7,26,36,21,8,1,4,2,2,1,easy,normal,normal
0,0.333333333,0.666666667,0,0,0.047653992,0,0,0,0,NN,1,1,2022/3/9,month,201799,9435,0.046754444,1,5,26,37,22,8,1,4.05,2,2,1,easy,normal,normal
0.5,0.666666667,0.333333333,0,0.5,0.00146426,1,0,1,0,NN,0,1,2022/7/27,motto,38384,3285,0.085582534,0,1,11,36,36,14,1,4.53,1,1,4,hard,normal,hard+
0,0.666666667,0.333333333,0,0,0.009534714,0,0,0,1,NN,1,1,2022/1/27,mount,331844,11451,0.034507178,1,9,29,33,19,7,1,3.85,2,2,1,easy,normal,easy
0,0.666666667,0.333333333,0,0,0.00073213,0,0,0,1,NN,1,1,2022/3/3,mourn,240018,10465,0.043600897,1,8,29,34,19,8,1,3.93,2,2,1,easy,normal,easy
0,1,0,0,0.5,0.010641422,0,0,1,1,NN,0,1,2022/3/17,movie,169071,8847,0.052327129,1,5,18,30,26,16,3,4.41,2,1,4,hard,normal,hard
1,0.333333333,0.666666667,0,0.5,0,1,0,0,0,NN,1,0,2022/10/23,mummy,29279,3021,0.103179753,0,1,4,14,27,37,18,6.07,1,3,3,hard,hard,hard+
0,0.333333333,0.666666667,0,0.5,0.001834581,0,0,0,0,NN,0,0,2022/12/11,naïve,21947,2075,0.094545952,1,7,24,32,24,11,1,4.11,2,2,4,easy,normal,normal
0.5,0.666666667,0.333333333,0,0.5,0.00073213,0,0,0,0,JJ,1,1,2022/3/2,nasty,257304,10813,0.04202422,1,7,26,31,21,11,2,4.08,2,2,1,easy,normal,normal
0,0.666666667,0.333333333,0,0.5,0,0,0,1,0,JJ,1,1,2022/4/5,natal,121356,7702,0.063466166,0,2,14,32,32,17,3,4.66,1,1,2,hard,normal,hard+
0.5,0.666666667,0.333333333,0,0.5,0.002200646,1,0,0,1,NN,1,1,2022/8/24,needy,33700,2927,0.086854599,0,2,21,41,26,9,1,4.25,2,1,4,easy,normal,hard
0,0.333333333,0.666666667,0,0,0.150659981,0,0,0,0,NN,1,1,2022/7/12,night,46910,3870,0.082498401,1,8,27,27,17,13,7,4.39,2,1,4,hard,normal,hard
0,1,0,0,0.5,0.001834581,0,1,1,0,JJ,1,0,2022/4/23,olive,95562,6482,0.067830309,1,6,25,34,23,10,1,4.09,2,2,1,easy,normal,normal
0,0.666666667,0.333333333,0,0.5,0.01391898,0,1,0,0,NN,1,1,2022/8/30,onset,33660,3009,0.089393939,0,4,29,40,21,6,1,4.06,2,2,1,easy,normal,normal
0,0.666666667,0.333333333,0,0.5,0.623900209,0,1,0,0,JJ,1,0,2022/2/21,other,278731,10887,0.039059165,1,9,26,30,21,10,2,4.02,2,2,1,easy,normal,normal
0,1,0,1,0.5,0.001098195,0,1,1,0,NN,0,1,2022/4/21,oxide,97955,6960,0.071053035,0,2,11,30,33,21,4,4.88,1,3,2,hard,hard,hard+
0,0.666666667,0.333333333,0,0.5,0.008044915,0,0,0,0,NN,1,0,2022/1/15,panic,205880,4655,0.022610258,1,9,35,34,16,5,1,3.8,2,2,1,easy,normal,easy
0.5,0.666666667,0.333333333,0,0.5,0,0,0,0,0,NN,1,1,2022/9/16,parer,37309,4130,0.110697151,0,0,4,11,15,22,48,7.43,1,3,3,hard,hard,hard+
0.5,0.333333333,0.666666667,0,0.5,0.000366491,1,0,0,0,NN,1,1,2022/8/9,patty,36223,3019,0.083344836,0,2,16,39,29,12,1,4.35,2,1,4,hard,normal,hard
0,1,0,0,0,0.00770439,0,0,1,1,NN,1,1,2022/2/10,pause,304830,13480,0.044221369,1,8,26,32,21,10,2,4.08,2,2,1,easy,normal,normal
0,0.666666667,0.333333333,0,0,0.001098195,0,0,0,1,NN,1,1,2022/6/3,peach,65431,4957,0.075759197,1,13,38,32,13,3,0,3.52,2,2,1,easy,easy,easy
0,0.333333333,0.666666667,0,0.5,0.00073213,0,0,0,0,NN,0,1,2022/1/28,perky,296968,11148,0.037539398,1,4,17,30,27,17,4,4.57,1,1,4,hard,normal,hard+
0.5,0.666666667,0.333333333,0,0.5,0.001834581,0,0,1,0,NN,0,1,2022/11/4,photo,27330,2565,0.093852909,0,5,34,43,15,3,0,3.77,2,2,1,easy,easy,easy
0,0.666666667,0.333333333,0,1,0.00146426,0,0,0,1,NN,0,1,2022/6/10,piety,55376,4324,0.078084369,0,4,25,41,22,7,1,4.09,2,2,1,easy,normal,normal
0,0.666666667,0.333333333,0,0.5,0,0,0,0,0,NN,0,1,2022/11/1,piney,27502,3667,0.133335757,0,1,14,37,33,14,2,4.61,1,1,4,hard,normal,hard+
0,0.666666667,0.333333333,0,0.5,0.000366491,0,0,1,0,NN,0,1,2022/7/1,pinto,47248,3792,0.080257365,0,5,25,41,22,6,1,4.05,2,2,1,easy,normal,normal
0,0.333333333,0.666666667,0,0,0.045821113,0,0,0,0,NN,1,1,2022/4/22,plant,119232,7731,0.064839976,2,19,39,28,10,3,0,3.37,2,2,1,easy,easy,easy
0,0.666666667,0.333333333,0,0,0,0,0,0,1,NN,1,1,2022/2/4,pleat,359679,14813,0.041183945,1,10,28,31,19,9,2,3.98,2,2,1,easy,normal,normal
0,0.666666667,0.333333333,0,0,0.144794855,0,0,0,1,NN,1,1,2022/1/19,point,280622,7094,0.025279558,1,16,37,28,12,4,1,3.5,2,2,1,easy,easy,easy
0,1,0,0,0,0.002200646,0,0,1,1,NN,1,0,2022/12/24,poise,20281,1911,0.094226123,2,11,34,32,15,6,1,3.75,2,2,1,easy,easy,easy
0,0.666666667,0.333333333,0,0.5,0.002200646,0,0,0,0,NN,1,1,2022/8/15,poker,35376,3180,0.089891452,0,4,17,30,27,17,5,4.66,1,1,2,hard,normal,hard+
0,0.666666667,0.333333333,0,0.5,0.125366597,0,0,0,0,NN,1,0,2022/7/24,power,39813,3401,0.085424359,2,6,19,29,24,15,4,4.37,2,1,4,hard,normal,hard
0,0.333333333,0.666666667,0,0,0.00073213,0,0,0,0,NN,1,1,2022/1/21,prick,273727,7409,0.027067114,1,8,30,33,19,7,1,3.86,2,2,1,easy,normal,easy
0,0.666666667,0.333333333,0,0,0.016515488,0,0,1,0,NN,1,1,2022/11/22,prime,27437,2534,0.092357036,1,10,26,32,21,9,1,3.96,2,2,1,easy,normal,easy
0,0.666666667,0.333333333,0,0.5,0,0,0,1,0,NN,1,1,2022/6/15,primo,55989,4391,0.078426119,0,3,22,38,25,10,2,4.29,2,1,4,hard,normal,hard
0,0.666666667,0.333333333,1,0,0.010258331,0,0,1,0,NN,1,1,2022/8/31,prize,35343,3166,0.089579266,0,5,12,20,32,26,5,4.92,1,3,2,hard,hard,hard+
0,0.333333333,0.666666667,1,0.5,0.002566711,0,0,0,0,NN,1,1,2022/1/18,proxy,220950,6206,0.028087803,1,2,11,24,31,26,6,5.05,1,3,2,hard,hard,hard+
0,0.666666667,0.333333333,0,0,0.00073213,0,0,1,0,NN,1,1,2022/3/23,purge,156785,8555,0.054565169,1,4,22,35,26,11,2,4.31,2,1,4,hard,normal,hard
0,0.666666667,0.333333333,1,0,0.001098195,0,0,0,1,NN,1,1,2022/8/1,quart,36662,3303,0.090093285,0,5,20,33,27,13,2,4.35,2,1,4,hard,normal,hard
0,0.666666667,0.333333333,1,0.5,0.000366491,0,0,0,1,NN,1,1,2022/1/10,query,107134,2242,0.020927063,1,4,16,30,30,17,2,4.49,1,1,4,hard,normal,hard
0,0.666666667,0.333333333,1,0,0.000366491,0,0,0,1,NN,1,1,2022/10/19,quirk,28322,2794,0.098651225,0,3,23,39,24,9,2,4.25,2,1,4,easy,normal,hard
0,0.666666667,0.333333333,0,0.5,0.001834581,0,0,0,1,NN,0,1,2022/11/9,rainy,28984,2678,0.092395805,1,16,38,31,11,3,1,3.54,2,2,1,easy,easy,easy
0,0.666666667,0.333333333,0,0.5,0,0,0,0,0,NN,1,1,2022/9/21,recap,31976,2900,0.09069302,0,5,30,35,21,8,1,4.03,2,2,1,easy,normal,normal
0.5,0.666666667,0.333333333,0,0.5,0.00146426,0,0,0,0,NN,1,0,2022/3/20,renew,154987,8417,0.054307781,0,4,20,33,27,13,2,4.33,2,1,4,hard,normal,hard
0.5,0.666666667,0.333333333,0,0.5,0,0,0,1,0,NN,1,1,2022/6/27,retro,47986,3848,0.080190055,0,6,24,35,24,9,1,4.08,2,2,1,easy,normal,normal
0,0.333333333,0.666666667,0,0,0.001098195,0,0,1,0,NN,1,1,2022/8/4,rhyme,37229,3336,0.089607564,0,4,22,39,25,8,1,4.13,2,2,4,easy,normal,normal
0,0.666666667,0.333333333,0,0.5,0.004384266,0,0,0,0,NN,1,1,2022/12/15,rival,22176,2127,0.095914502,0,7,27,35,22,8,1,4.03,2,2,1,easy,normal,normal
0.5,0.666666667,0.333333333,0,0.5,0.000366491,0,0,0,0,NN,0,1,2022/1/20,robot,243964,6589,0.027008083,1,8,29,34,20,8,1,3.98,2,2,1,easy,normal,normal
0.5,0.666666667,0.333333333,0,0.5,0.000366491,1,0,0,1,NN,1,0,2022/7/16,roomy,38769,3280,0.084603678,0,2,17,41,28,10,2,4.39,2,1,4,hard,normal,hard
0,0.666666667,0.333333333,0,0.5,0.01757963,0,0,0,0,NN,1,1,2022/4/12,royal,114907,7275,0.06331207,1,5,24,36,23,9,1,4.06,2,2,1,easy,normal,normal
0.5,0.666666667,0.333333333,0,0.5,0,0,0,0,0,NN,1,0,2022/8/27,ruder,31241,2784,0.089113665,0,2,16,33,29,16,4,4.65,1,1,2,hard,normal,hard+
0.5,1,0,0,0.5,0.002200646,1,0,1,1,NN,1,1,2022/3/1,rupee,240137,10577,0.044045691,1,2,17,35,30,13,2,4.44,1,1,4,hard,normal,hard
0,0.333333333,0.666666667,0,0.5,0.002932776,0,0,0,0,NN,1,0,2022/6/26,rusty,50450,3954,0.078374628,0,9,37,34,13,5,1,3.7,2,2,1,easy,easy,easy
0,0.666666667,0.333333333,0,0,0.005874065,0,0,0,1,NN,1,1,2022/9/22,saint,34455,3119,0.090523872,1,14,35,29,15,5,1,3.65,2,2,1,easy,easy,easy
0,1,0,0,0.5,0.000366491,0,0,1,1,NN,1,1,2022/3/18,saute,179830,9304,0.051737752,1,8,31,34,19,6,1,3.87,2,2,1,easy,normal,easy
0,0.333333333,0.666666667,0,0,0.000366491,0,0,0,0,NN,1,1,2022/9/29,scald,30477,2829,0.092824097,0,4,23,36,24,11,2,4.27,2,1,4,easy,normal,hard
0,0.666666667,0.333333333,0,0,0.001098195,0,0,1,0,NN,1,1,2022/4/8,scare,141158,9010,0.063829184,1,12,23,26,21,13,4,4.21,2,1,4,easy,normal,hard
0,0.333333333,0.666666667,0,0,0.00146426,0,0,0,0,NN,1,1,2022/9/30,scorn,31223,2859,0.091567114,0,8,31,35,20,6,1,3.95,2,2,1,easy,normal,easy
0,0.666666667,0.333333333,0,0.5,0.000366491,0,0,0,1,NN,1,1,2022/5/18,scour,73933,5544,0.074986812,0,8,34,35,17,5,1,3.83,2,2,1,easy,normal,easy
0,0.333333333,0.666666667,0,0,0.002932776,0,0,0,0,NN,1,0,2022/5/21,scrap,66814,4973,0.074430509,1,9,28,34,20,8,1,3.97,2,2,1,easy,normal,easy
0.5,0.666666667,0.333333333,0,0.5,0.001098195,0,0,0,0,NN,1,0,2022/7/4,sever,42645,3591,0.084206824,0,2,13,27,29,21,7,4.92,1,3,2,hard,hard,hard+
0,0.666666667,0.333333333,0,0,0.006214591,0,0,1,0,NN,1,1,2022/2/17,shake,342003,12767,0.037330082,1,6,16,23,24,21,9,4.89,1,3,2,hard,hard,hard+
0.5,0.333333333,0.666666667,0,0,0.098240334,1,0,0,0,MD,0,1,2022/3/29,shall,149070,8494,0.056979942,0,3,17,30,28,17,4,4.59,1,1,4,hard,normal,hard+
0,0.666666667,0.333333333,0,0,0.00770439,0,0,1,0,NN,1,0,2022/4/15,shame,129991,8522,0.065558385,1,11,22,25,21,15,5,4.34,2,1,4,hard,normal,hard
0,0.333333333,0.666666667,0,0,0,0,0,0,0,NN,0,1,2022/2/3,shard,358176,14609,0.040787211,1,7,22,28,25,14,4,4.42,2,1,4,hard,normal,hard
0,0.333333333,0.666666667,0,0,0.001098195,0,0,0,0,NN,0,1,2022/4/4,shawl,129651,7943,0.061264472,0,3,16,31,30,16,3,4.54,1,1,4,hard,normal,hard+
0,0.666666667,0.333333333,0,0,0.001834581,0,0,1,0,NN,1,1,2022/5/9,shine,88932,6146,0.069108982,1,14,32,30,17,6,1,3.76,2,2,1,easy,easy,easy
0,0.666666667,0.333333333,0,0,0,0,0,1,0,NN,1,0,2022/1/17,shire,222197,5640,0.025382881,1,8,32,32,18,8,2,3.99,2,2,1,easy,normal,normal
0,0.333333333,0.666666667,0,0,0.060850633,0,0,0,0,VBN,1,1,2022/4/27,shown,98967,6564,0.066325139,0,6,26,36,22,8,1,4.02,2,2,1,easy,normal,normal
0,0.333333333,0.666666667,0,0.5,0.000366491,0,0,0,0,NN,1,1,2022/6/2,showy,61278,4770,0.077841966,0,2,16,37,30,13,2,4.48,1,1,4,hard,normal,hard
0,0.333333333,0.666666667,0,0,0.00073213,0,0,0,0,NN,1,1,2022/8/19,shrug,33965,2987,0.087943471,0,4,23,36,26,10,1,4.21,2,1,4,easy,normal,hard
0.5,0.333333333,0.666666667,0,0,0.01540878,1,0,0,0,NN,1,0,2022/2/6,skill,311018,13716,0.044100341,1,3,17,33,27,16,3,4.51,1,1,4,hard,normal,hard
0,0.666666667,0.333333333,0,0,0.003664906,0,0,1,0,NN,1,1,2022/12/19,slate,26010,2422,0.093118032,6,14,33,27,13,5,1,3.46,2,2,1,easy,easy,easy
0.5,0.333333333,0.666666667,0,0,0,0,0,0,0,NN,1,1,2022/3/22,slosh,160161,8807,0.054988418,0,2,19,36,27,13,2,4.38,2,1,4,hard,normal,hard
0,0.333333333,0.666666667,0,0,0,0,0,0,0,NN,1,1,2022/10/6,sloth,32522,2987,0.09184552,1,10,38,34,13,3,0,3.54,2,2,1,easy,easy,easy
0,0.333333333,0.666666667,0,0,0.002932776,0,0,0,0,NN,1,1,2022/1/7,slump,80630,1362,0.016891976,1,3,23,39,24,9,1,4.16,2,1,4,easy,normal,normal
0,0.333333333,0.666666667,0,0,0.00073213,0,0,0,0,NN,1,1,2022/5/12,slung,75673,5419,0.071610746,0,2,16,37,31,13,2,4.53,1,1,4,hard,normal,hard+
0,0.666666667,0.333333333,0,0,0.00073213,0,0,0,1,NN,1,0,2022/8/7,smear,36223,3190,0.088065594,0,2,16,39,29,12,2,4.45,1,1,4,hard,normal,hard
0,0.333333333,0.666666667,0,0,0.001098195,0,0,0,0,NN,1,1,2022/3/14,smelt,185406,9373,0.05055392,0,5,19,33,28,13,2,4.37,2,1,4,hard,normal,hard
0,0.666666667,0.333333333,0,0,0,0,0,1,0,NN,1,1,2022/6/24,smite,50617,3991,0.078847028,0,6,23,35,24,11,2,4.27,2,1,4,easy,normal,hard
0,0.333333333,0.666666667,0,0,0,0,0,0,0,NN,1,1,2022/11/15,snarl,27475,2650,0.096451319,0,5,21,31,24,15,4,4.47,1,1,4,hard,normal,hard
0,0.666666667,0.333333333,0,0,0.00073213,0,0,0,1,NN,1,1,2022/10/28,sneak,27905,2636,0.094463358,0,7,28,36,21,7,1,3.99,2,2,1,easy,normal,normal
0,0.666666667,0.333333333,0,0,0.000366491,0,0,0,1,NN,1,1,2022/4/1,snout,144648,8913,0.06161855,1,4,19,27,26,18,5,4.62,1,1,4,hard,normal,hard+
0.5,0.333333333,0.666666667,0,0.5,0.001098195,1,0,0,0,NN,1,1,2022/9/27,soggy,30985,2888,0.09320639,0,2,18,38,28,11,2,4.36,2,1,4,hard,normal,hard
0,0.666666667,0.333333333,0,0.5,0.005874065,0,0,0,0,NN,0,0,2022/1/16,solar,209609,4955,0.023639252,1,9,32,32,18,7,1,3.85,2,2,1,easy,normal,easy
0,0.666666667,0.333333333,0,0,0.003664906,0,0,1,0,NN,1,0,2022/10/16,spade,30459,2854,0.093699728,1,8,29,36,19,6,1,3.89,2,2,1,easy,normal,easy
0.5,0.333333333,0.666666667,0,0,0.006980773,1,0,0,0,NN,1,1,2022/11/8,spell,27213,2531,0.093007019,0,4,24,37,24,9,1,4.12,2,2,4,easy,normal,normal
0,0.666666667,0.333333333,0,0,0,0,0,0,1,NN,1,0,2022/10/22,spiel,29084,2810,0.096616696,0,7,32,36,19,6,1,3.95,2,2,1,easy,normal,easy
0.5,0.333333333,0.666666667,0,0,0.000366491,1,0,0,0,NN,1,0,2022/2/26,spill,248363,10087,0.04061394,1,5,26,34,22,10,2,4.15,2,1,4,easy,normal,normal
0,0.666666667,0.333333333,0,0,0.031881701,0,0,1,0,NN,1,1,2022/12/13,spoke,24101,2224,0.092278329,0,6,31,38,19,5,0,3.82,2,2,1,easy,normal,easy
0,0.666666667,0.333333333,1,0,0.006597682,0,0,0,1,NN,1,1,2022/4/11,squad,109828,7236,0.065884838,0,3,20,33,27,14,2,4.37,2,1,4,hard,normal,hard
0,0.666666667,0.333333333,0,0,0.00073213,0,0,0,1,NN,0,0,2022/4/9,stair,134210,8537,0.063609269,2,21,36,26,11,4,1,3.45,2,2,1,easy,easy,easy
0,0.666666667,0.333333333,0,0,0.00146426,0,0,1,0,NN,1,0,2022/11/6,stale,31068,3013,0.096980816,2,19,30,27,15,6,2,3.69,2,2,1,easy,easy,easy
0,0.666666667,0.333333333,0,0,0.00146426,0,0,0,1,NN,0,0,2022/7/9,stead,47094,3933,0.083513823,1,6,20,27,28,16,3,4.47,1,1,4,hard,normal,hard
0,0.666666667,0.333333333,0,0,0.006597682,0,0,0,1,NN,1,1,2022/10/17,stein,31269,2965,0.094822348,1,12,34,32,16,5,1,3.75,2,2,1,easy,easy,easy
0,0.333333333,0.666666667,0,0,0.014302072,0,0,0,0,NN,1,0,2022/9/18,stick,33102,3038,0.091776932,1,9,36,35,14,4,0,3.61,2,2,1,easy,easy,easy
0,0.333333333,0.666666667,0,0,0.001834581,0,0,0,0,VBG,1,1,2022/10/3,sting,32288,2969,0.091953667,1,10,30,33,18,8,2,4.01,2,2,1,easy,normal,normal
0,0.333333333,0.666666667,0,0,0,0,0,0,0,NN,1,1,2022/7/28,stomp,40650,3490,0.085854859,0,7,26,32,21,11,2,4.11,2,2,4,easy,normal,normal
0,0.333333333,0.666666667,0,0.5,0.056084978,0,0,0,0,NN,1,1,2022/5/2,story,95643,6530,0.06827473,1,10,23,29,24,11,2,4.12,2,2,4,easy,normal,normal
0,0.666666667,0.333333333,0,0,0.005490974,0,0,1,0,NN,1,1,2022/3/30,stove,158139,9318,0.058922846,0,5,16,24,27,21,6,4.75,1,1,2,hard,normal,hard+
0,0.666666667,0.333333333,0,0.5,0.012471747,0,0,0,0,NN,1,1,2022/1/25,sugar,276404,8708,0.031504609,1,6,25,34,23,9,1,4.03,2,2,1,easy,normal,normal
0.5,0.666666667,0.333333333,0,0,0.02528402,1,0,0,1,NN,1,1,2022/3/8,sweet,207473,9767,0.047076005,1,5,18,31,28,15,2,4.39,2,1,4,hard,normal,hard
0.5,0.333333333,0.666666667,0,0,0,1,0,0,0,NN,1,0,2022/2/19,swill,282327,11241,0.039815533,1,1,8,19,31,30,10,5.38,1,3,2,hard,hard,hard+
0.5,0.666666667,0.333333333,0,0.5,0.00073213,0,0,0,0,NN,0,0,2022/2/20,tacit,273306,11094,0.040591864,1,4,21,32,26,14,3,4.44,1,1,4,hard,normal,hard
0,0.333333333,0.666666667,0,0.5,0.000366491,0,0,0,0,NN,0,1,2022/1/14,tangy,169484,3985,0.023512544,1,4,21,30,24,15,5,4.52,1,1,4,hard,normal,hard+
0,0.666666667,0.333333333,0,0.5,0.001098195,0,0,0,0,NN,1,0,2022/12/18,taper,22166,2108,0.095100605,0,8,28,30,20,11,3,4.16,2,1,4,easy,normal,normal
0.5,0.666666667,0.333333333,0,0,0.00146426,0,0,0,1,NN,1,1,2022/9/6,taunt,32734,3022,0.092319912,0,4,19,27,21,16,13,5.04,1,3,2,hard,hard,hard+
0.5,1,0,0,0,0.002200646,0,0,1,1,NN,1,1,2022/3/15,tease,202855,10024,0.049414606,1,16,32,30,16,6,1,3.75,2,2,1,easy,easy,easy
0,0.666666667,0.333333333,0,0.5,0.000366491,0,0,0,0,NN,1,1,2022/11/28,tepid,26051,2484,0.095351426,0,10,38,35,13,3,0,3.57,2,2,1,easy,easy,easy
0,0.666666667,0.333333333,0,0,0.978372373,0,0,0,1,PRP$,0,1,2022/3/21,their,173636,9200,0.052984404,2,14,36,30,13,4,0,3.47,2,2,1,easy,easy,easy
0.5,0.666666667,0.333333333,0,0,0.020176137,0,0,1,0,NN,1,1,2022/9/9,theme,32172,2909,0.090420241,0,8,29,40,18,4,0,3.77,2,2,1,easy,easy,easy
0.5,0.666666667,0.333333333,0,0,1,0,0,1,0,RB,1,1,2022/11/17,there,27465,2530,0.09211724,0,14,35,33,14,4,0,3.59,2,2,1,easy,easy,easy
0,0.333333333,0.666666667,0,0,0.069648109,0,0,0,0,JJ,1,1,2022/12/20,third,24137,2261,0.093673613,1,10,47,32,9,2,0,3.47,2,2,1,easy,easy,easy
0,0.333333333,0.666666667,0,0,0.001098195,0,0,0,0,NN,1,1,2022/2/22,thorn,306356,11814,0.038562979,1,14,38,30,12,4,0,3.47,2,2,1,easy,easy,easy
0,0.666666667,0.333333333,0,0,0.311583401,0,0,1,0,DT,0,1,2022/2/1,those,351663,13606,0.038690451,1,13,34,30,15,6,1,3.7,2,2,1,easy,easy,easy
0,0.333333333,0.666666667,0,0,0,0,0,1,0,NN,1,1,2022/9/14,thyme,32142,2938,0.091406882,1,5,24,41,23,5,0,3.92,2,2,1,easy,normal,easy
0.5,1,0,0,1,0,0,0,1,1,NN,0,1,2022/5/27,tiara,63846,4842,0.075838737,0,8,36,33,17,6,1,3.87,2,2,1,easy,normal,easy
0.5,1,0,0,1,0,0,0,1,1,NN,0,0,2022/9/11,tibia,27887,2675,0.095922831,0,1,14,40,30,12,2,4.46,1,1,4,hard,normal,hard
0,0.333333333,0.666666667,0,0.5,0.00073213,0,0,0,0,NN,1,1,2022/5/13,tipsy,77585,5522,0.071173552,0,6,33,38,17,5,1,3.88,2,2,1,easy,normal,easy
0,0.666666667,0.333333333,0,0.5,0.104105461,0,0,0,0,NN,1,0,2022/3/12,today,192049,9353,0.048701113,1,7,29,35,20,7,1,3.94,2,2,1,easy,normal,easy
0.5,0.666666667,0.333333333,0,0.5,0.002566711,0,0,1,0,NN,0,0,2022/12/3,torso,23873,2260,0.094667616,0,4,35,36,17,6,1,3.88,2,2,1,easy,normal,easy
0,0.666666667,0.333333333,0,0,0.030051377,0,0,0,1,NN,1,1,2022/5/4,train,107750,7243,0.067220418,6,26,32,22,10,3,0,3.1,2,2,1,easy,easy,easy
0.5,0.666666667,0.333333333,0,0,0.001098195,0,0,0,1,NN,0,1,2022/6/8,trait,61026,4607,0.075492413,0,6,22,35,24,11,2,4.24,2,1,4,easy,normal,hard
0.5,0.666666667,0.333333333,0,0,0.009534714,0,0,0,1,NN,1,0,2022/8/20,treat,38245,3249,0.084952281,1,22,32,26,14,5,1,3.55,2,2,1,easy,easy,easy
0,0.666666667,0.333333333,0,0,0,0,0,1,0,NN,1,1,2022/9/19,trice,35050,3430,0.0978602,0,5,24,25,18,17,11,4.84,1,3,2,hard,hard,hard+
0.5,0.666666667,0.333333333,0,0,0.00073213,0,0,1,0,NN,0,1,2022/7/20,trite,42237,3685,0.08724578,0,4,14,22,22,23,15,5.36,1,3,2,hard,hard,hard+
0,0.666666667,0.333333333,0,0,0,0,0,1,0,NN,0,0,2022/4/2,trope,155079,9315,0.06006616,1,16,33,28,15,6,1,3.65,2,2,1,easy,easy,easy
0,0.666666667,0.333333333,0,0,0,0,0,1,0,NN,0,1,2022/2/23,trove,277576,11411,0.041109462,1,5,16,24,25,22,8,4.92,1,3,2,hard,hard,hard+
0.5,0,1,0,0,0,0,0,0,0,NN,1,1,2022/7/22,tryst,43099,3665,0.085036776,0,3,26,41,23,6,1,4.09,2,2,1,easy,normal,normal
0,0.333333333,0.666666667,0,0,0,0,0,0,0,NN,1,1,2022/8/18,twang,34938,3172,0.090789398,0,3,22,43,25,7,1,4.21,2,1,4,easy,normal,hard
0,0.666666667,0.333333333,0,0,0.027114344,0,0,1,0,RB,1,1,2022/8/17,twice,35815,3173,0.088594164,1,6,28,38,21,6,1,4,2,2,1,easy,normal,normal
0,0.666666667,0.333333333,0,0,0,0,0,1,0,NN,1,0,2022/10/2,twine,30088,2775,0.09222946,0,6,28,40,20,5,1,3.96,2,2,1,easy,normal,easy
0,0.666666667,0.333333333,0,0.5,0.001834581,0,1,0,0,NN,0,1,2022/2/11,ulcer,278826,10631,0.038127721,1,4,18,30,28,16,3,4.49,1,1,4,hard,normal,hard
0,0.666666667,0.333333333,0,0.5,0,0,1,1,0,JJ,0,0,2022/2/12,ultra,269885,9310,0.034496174,1,7,23,34,24,10,1,4.1,2,2,1,easy,normal,normal
0.5,1,0,0,0.5,0.004767357,0,1,1,1,JJ,1,1,2022/11/29,undue,23739,2316,0.097560976,0,3,19,35,29,13,2,4.46,1,1,4,hard,normal,hard
0,0.666666667,0.333333333,0,0.5,0.000366491,0,1,0,0,NN,1,1,2022/8/8,unfit,35516,3187,0.089734204,0,3,24,38,25,9,1,4.19,2,1,4,easy,normal,normal
0,1,0,0,0.5,0.003664906,0,1,1,0,JJ,1,1,2022/11/10,unite,27467,2575,0.093748862,1,11,31,33,18,5,1,3.78,2,2,1,easy,easy,easy
0,0.666666667,0.333333333,0,0.5,0.005150448,0,1,0,0,NN,1,1,2022/7/29,upset,37791,3213,0.085020243,0,5,30,38,20,6,1,3.98,2,2,1,easy,normal,normal
0.5,1,0,0,1,0.035201825,0,1,0,1,JJ,1,1,2022/12/14,usual,20824,2048,0.09834806,0,3,20,39,27,10,1,4.27,2,1,4,easy,normal,hard
0.5,0.666666667,0.333333333,0,0.5,0.000366491,0,1,0,0,NN,1,1,2022/9/28,usurp,31355,3007,0.09590177,0,3,21,38,26,9,1,4.15,2,1,4,easy,normal,normal
0,0.666666667,0.333333333,0,0.5,0.00073213,0,0,0,0,NN,1,0,2022/11/12,valet,24660,2356,0.095539335,0,4,22,38,25,9,1,4.15,2,1,4,easy,normal,normal
0,0.666666667,0.333333333,0,0.5,0.008044915,0,0,0,0,JJ,1,1,2022/10/11,valid,28575,2752,0.096307962,0,4,28,38,21,8,1,4.07,2,2,1,easy,normal,normal
0,0.666666667,0.333333333,0,0.5,0.005150448,0,0,0,0,NN,1,0,2022/10/8,vigor,26905,2642,0.098197361,0,2,15,35,31,14,2,4.48,1,1,4,hard,normal,hard
0.5,0.666666667,0.333333333,0,0.5,0.009151623,0,0,0,0,NN,1,1,2022/2/25,vivid,255907,11687,0.045668934,1,2,10,29,33,21,4,4.82,1,3,2,hard,hard,hard+
0,1,0,0,0,0.08284475,0,0,1,1,NN,1,1,2022/7/8,voice,42806,3484,0.081390459,1,5,24,35,25,9,1,4.12,2,2,4,easy,normal,normal
0,0.666666667,0.333333333,0,0,0,0,0,0,1,JJ,1,1,2022/5/25,vouch,62723,4835,0.077084961,0,2,9,25,33,24,6,5,1,3,2,hard,hard,hard+
0,0.333333333,0.666666667,0,0.5,0.000366491,0,0,0,0,NN,1,0,2022/7/17,wacky,39611,3345,0.08444624,0,3,18,39,27,10,2,4.31,2,1,4,hard,normal,hard
0,0.333333333,0.666666667,1,0,0.000366491,0,0,0,0,NN,1,0,2022/10/30,waltz,24672,2496,0.101167315,0,2,11,29,35,19,3,4.72,1,1,2,hard,normal,hard+
0,0.666666667,0.333333333,0,0,0.012812273,0,0,1,0,NN,1,0,2022/8/21,waste,35617,3186,0.089451666,1,7,19,27,24,17,5,4.52,1,1,4,hard,normal,hard+
0,0.333333333,0.666666667,0,0,0.029710851,0,0,0,0,NN,1,1,2022/3/11,watch,226349,12400,0.054782659,1,6,14,18,17,24,20,5.56,1,3,3,hard,hard,hard+
0.5,0.666666667,0.333333333,0,0,0.00146426,0,0,1,0,NN,1,1,2022/7/15,wedge,39234,3353,0.085461589,0,2,11,32,37,17,2,4.72,1,1,2,hard,normal,hard+
0,0.333333333,0.666666667,0,0,0.000366491,0,0,0,0,NN,1,1,2022/1/26,whack,302348,10163,0.033613584,1,4,22,37,24,10,2,4.23,2,1,4,easy,normal,hard
0.5,0.666666667,0.333333333,0,0,0.000366491,1,0,0,1,NN,1,0,2022/9/5,whoop,32733,2970,0.090734122,0,1,16,47,29,7,1,4.35,2,1,4,hard,normal,hard
0,0.666666667,0.333333333,0,0,0,0,0,1,0,NN,1,0,2022/1/22,wince,241489,6850,0.028365681,1,3,17,33,29,15,3,4.55,1,1,4,hard,normal,hard+
0,0.666666667,0.333333333,0,0.5,0,0,0,0,0,NN,1,1,2022/12/5,woken,23153,2200,0.095020084,0,2,10,25,36,23,4,4.92,1,3,2,hard,hard,hard+
0,0.666666667,0.333333333,0,0.5,0.003298841,0,0,0,0,RB,1,1,2022/8/23,woven,33549,2933,0.087424364,0,2,13,32,32,17,3,4.63,1,1,4,hard,normal,hard+
0,0.333333333,0.666666667,0,0,0,0,0,0,0,NN,1,0,2022/1/30,wrung,294687,11524,0.039105899,0,2,18,39,27,12,2,4.41,2,1,4,hard,normal,hard
0,0.666666667,0.333333333,0,0,0.012812273,0,0,0,1,NN,1,0,2022/5/15,yield,67115,4963,0.073947702,0,4,16,29,29,18,4,4.65,1,1,2,hard,normal,hard+
0,0.666666667,0.333333333,0,0,0.030051377,0,0,0,1,NN,1,1,2022/8/3,youth,38381,3327,0.086683515,1,5,17,31,29,15,3,4.51,1,1,4,hard,normal,hard
0,0.333333333,0.666666667,1,0.5,0,0,0,0,0,NN,1,1,2022/4/28,zesty,88974,6315,0.070975791,0,2,12,27,30,22,7,5,1,3,2,hard,hard,hard+
